{"cameraMode":{"drawMode":0,"name":"Shaded","section":"Shading Mode"},"sceneLighting":true,"audioPlay":false,"sceneViewState":{"showFog":true,"showMaterialUpdate":false,"showSkybox":true,"showFlares":true,"showImageEffects":true,"showParticleSystems":true},"in2DMode":false,"pivot":{"x":3.7261807918548586,"y":1.1179835796356202,"z":1.5956945419311524},"rotation":{"x":0.004667990375310183,"y":-0.9667408466339111,"z":0.25510451197624209,"w":0.017689542844891549},"size":4.373205184936523,"orthographic":false}